Necklace;51
Crown;10
Necklace;72
Necklace;87
Bracelet;99
Ring;46
Gem;24
Bracelet;27
Trinket;93
Necklace;91
Necklace;62
Crown;14
Crown;64
Crown;34
Goblet;33
Trinket;35
Goblet;31
Crown;95
Gem;60
Gem;100
Goblet;1
Ring;94
Crown;62
Gem;95
Goblet;100
Trinket;57
Gem;2
Goblet;60
Gem;70
Necklace;17
Bracelet;55
Trinket;77
Goblet;44
Trinket;96
Crown;55
Bracelet;94
Bracelet;36
Ring;38
Goblet;43
Bracelet;45
Gem;62
Trinket;6
Ring;74
Necklace;61
Bracelet;25
Trinket;19
Goblet;90
Ring;12
Crown;8
Bracelet;64
Ring;76
Trinket;79
Bracelet;2
Goblet;3
Ring;48
Goblet;39
Trinket;63
Trinket;19
Goblet;96
Goblet;97
Ring;93
Bracelet;81
Goblet;12
Gem;27
Ring;52
Necklace;55
Crown;30
Crown;23
Goblet;16
Ring;34
Bracelet;42
Trinket;60
Gem;82
Bracelet;10
Goblet;51
Ring;24
Goblet;44
Necklace;59
Goblet;23
Gem;29
Gem;93
Goblet;30
Trinket;12
Necklace;67
Ring;85
Necklace;94
Crown;9
Trinket;60
Bracelet;15
Goblet;24
Necklace;80
Crown;19
Trinket;13
Crown;14
Bracelet;26
Crown;84
Gem;80
Bracelet;86
Crown;22
Gem;12
